"","bio1","bio2","bio3","bio4","bio5","bio6","bio7","bio8","bio9","bio10","bio11","bio12","bio13","bio14","bio15","bio16","bio17","bio18","bio19"
"1",15.3300914764404,16.4027843475342,70.2232818603516,107.527725219727,26.3070373535156,2.94899320602417,23.3580436706543,15.0992565155029,16.3991889953613,16.7100791931152,14.3058052062988,1767.77514648438,417.487609863281,36.6862373352051,90.9180603027344,1023.29174804688,137.375640869141,185.932678222656,164.802719116211
"2",18.1058921813965,17.7026443481445,70.5662536621094,102.532287597656,29.5065574645996,4.41999864578247,25.0865592956543,17.9060535430908,17.7378749847412,19.2204608917236,17.0149421691895,1447.10949707031,395.918823242188,9.66326522827148,110.468673706055,940.77294921875,41.8481597900391,295.158172607422,88.454460144043
"3",18.0017833709717,15.909351348877,70.571891784668,101.822143554688,28.6653423309326,6.12187480926514,22.5434684753418,17.5528507232666,17.9808940887451,19.3358821868896,17.1056251525879,1616.74401855469,423.19189453125,13.5840034484863,105.521522521973,1021.58129882812,52.2257919311523,150.158493041992,98.1451416015625
"4",18.7161998748779,16.1579875946045,70.8539352416992,139.781616210938,30.2496109008789,7.44496917724609,22.8046417236328,17.7274856567383,18.2332992553711,20.6569652557373,17.3174839019775,1247.72863769531,303.545349121094,17.8841381072998,96.3607559204102,754.818908691406,67.9337158203125,173.411270141602,503.433532714844
"5",19.640209197998,16.4638500213623,73.1480331420898,143.132339477539,30.2680721282959,7.76049709320068,22.5075759887695,19.5019760131836,18.7104682922363,21.6422576904297,18.3552093505859,1020.27575683594,292.888366699219,8.98449802398682,110.546592712402,671.104187011719,48.4477996826172,212.941268920898,408.157592773438
"6",18.1791954040527,15.7440996170044,71.8317718505859,155.657760620117,29.3961315155029,7.47811460494995,21.9180164337158,16.7660331726074,17.9246578216553,20.1414432525635,16.3766784667969,1112.236328125,264.298797607422,8.20975685119629,96.5395584106445,676.422790527344,59.5261611938477,162.961090087891,646.688720703125
"7",21.1063919067383,14.3376245498657,64.8360290527344,223.527099609375,32.0535049438477,9.93983554840088,22.1136703491211,22.9759826660156,19.094352722168,23.8683624267578,18.4049377441406,842.167419433594,212.348907470703,11.8820276260376,92.5506896972656,487.64013671875,83.337043762207,277.773010253906,95.6368255615234
"8",20.7707424163818,14.1667041778564,65.5447463989258,217.718002319336,31.363733291626,9.74994277954102,21.613790512085,22.720552444458,18.8926963806152,23.4254016876221,18.1862773895264,843.891723632812,215.253997802734,12.099217414856,93.6657638549805,492.230499267578,85.5388336181641,277.7373046875,94.4924468994141
"9",17.6817207336426,15.5594615936279,71.1259841918945,150.069305419922,28.3966445922852,6.52072620391846,21.875919342041,17.3126029968262,16.1255378723145,19.825366973877,16.1255378723145,766.771606445312,250.026748657227,1.80102097988129,124.158889770508,540.472290039062,35.039421081543,124.170883178711,35.039421081543
"10",21.2693824768066,15.2733392715454,69.1161117553711,162.163879394531,31.7828521728516,9.68476390838623,22.098087310791,21.4847373962402,19.8180694580078,23.3410415649414,19.2904186248779,637.270690917969,188.718948364258,1.48097443580627,108.046028137207,413.052093505859,34.064884185791,126.339874267578,37.2984275817871
"11",21.0698566436768,13.6656150817871,61.1523094177246,241.886383056641,32.3542823791504,10.0074319839478,22.346851348877,22.6417846679688,18.8726387023926,24.0885391235352,18.0681896209717,774.874572753906,223.245651245117,7.70141792297363,100.660354614258,478.625701904297,80.9150085449219,245.148742675781,90.8309326171875
"12",15.7588949203491,16.1489162445068,74.9431915283203,134.975631713867,26.228479385376,4.68026733398438,21.5482120513916,15.3466110229492,14.4750556945801,17.708776473999,14.4750556945801,889.901245117188,268.950134277344,4.16327285766602,120.18196105957,596.665588378906,44.4497222900391,150.154296875,44.4497222900391
"13",16.2057342529297,16.0811576843262,71.6481781005859,159.974487304688,27.173038482666,4.72842264175415,22.444616317749,16.7907791137695,14.3364267349243,18.2180233001709,14.3364267349243,830.304138183594,259.3544921875,6.29700422286987,119.073608398438,557.628234863281,53.7141456604004,131.342742919922,53.7141456604004
"14",19.5183086395264,15.9240474700928,72.7217102050781,150.859573364258,30.2051467895508,8.30790615081787,21.8972396850586,19.7330589294434,17.7896537780762,21.5265274047852,17.7896537780762,829.360656738281,230.022521972656,5.91710948944092,108.14404296875,523.505981445312,60.9274635314941,141.2060546875,60.9274635314941
"15",20.2150573730469,17.3662300109863,65.117073059082,180.429641723633,32.3846702575684,5.71542692184448,26.6692428588867,20.4233226776123,18.2974529266357,22.5389156341553,18.2038116455078,1295.69091796875,413.384613037109,4.62609434127808,126.670387268066,913.56689453125,17.6875495910645,94.7333374023438,32.5616264343262
"16",18.6797504425049,16.4139957427979,70.9660797119141,119.662521362305,29.9275512695312,6.79819869995117,23.1293525695801,18.0842952728271,18.1416149139404,20.3613548278809,17.7887744903564,1440.80737304688,372.042785644531,21.3076648712158,101.775123596191,892.300903320312,73.2393798828125,158.731185913086,599.901245117188
"17",19.0557880401611,16.3847751617432,71.1823425292969,138.160766601562,30.3828353881836,7.36480236053467,23.0180320739746,18.2072010040283,18.4294395446777,20.9345016479492,17.734130859375,1214.87707519531,306.247650146484,18.2152996063232,99.1594314575195,749.0341796875,68.9000244140625,157.051116943359,723.453674316406
"18",20.0282764434814,16.4859733581543,70.2957382202148,136.857208251953,31.3667774200439,7.91446876525879,23.4523086547852,19.4933757781982,19.3881855010986,21.9400749206543,18.9247627258301,1257.09741210938,335.798706054688,18.507007598877,104.008506774902,791.675354003906,62.6760787963867,143.955642700195,517.507141113281
"19",24.7255191802979,13.7131223678589,73.1545181274414,97.8693466186523,33.9185638427734,15.1731424331665,18.7454223632812,24.8843879699707,25.4124736785889,26.0975818634033,23.788890838623,1263.73913574219,166.031112670898,36.4059066772461,44.3446006774902,471.985412597656,157.882537841797,197.403472900391,379.680847167969
"20",21.8010311126709,14.739556312561,74.5012664794922,93.0483627319336,30.7985210418701,11.0142183303833,19.7843017578125,21.8331623077393,20.9625511169434,22.658634185791,20.5880317687988,726.674743652344,144.433563232422,14.562460899353,78.1471328735352,291.880065917969,46.0283813476562,286.236083984375,65.6950912475586
"21",18.8060550689697,14.792142868042,75.3107376098633,91.4591674804688,27.7799129486084,8.1384334564209,19.6414794921875,18.7629871368408,18.0024585723877,19.6935901641846,17.6548385620117,910.246704101562,173.633575439453,17.1317272186279,76.8393783569336,383.228637695312,57.3650665283203,342.789031982422,79.0961303710938
"22",22.0344562530518,14.0089340209961,73.8676681518555,83.9880065917969,30.7844848632812,11.8195781707764,18.9649066925049,22.9123497009277,21.4034881591797,22.9123497009277,20.9901905059814,697.874755859375,157.843505859375,11.0048675537109,87.6087188720703,300.260589599609,42.8790512084961,300.260589599609,73.6023025512695
"23",27.435230255127,12.412558555603,74.3599090576172,77.1700286865234,35.7618942260742,19.0693531036377,16.6925411224365,26.6558837890625,27.1158542633057,28.3632583618164,26.6558837890625,382.230316162109,125.097114562988,1.76255249977112,138.44255065918,196.859008789062,11.1492643356323,159.150695800781,196.859008789062
"24",19.701150894165,15.4545450210571,70.8480606079102,139.464172363281,30.5183753967285,8.7047290802002,21.8136463165283,19.0788078308105,18.825756072998,21.5520210266113,18.3672142028809,1544.82568359375,303.600952148438,15.1731643676758,74.155403137207,791.47900390625,126.799835205078,168.722702026367,533.084228515625
"25",20.1681232452393,14.3191747665405,69.2229461669922,147.137481689453,30.7352638244629,10.0496740341187,20.6855888366699,19.1250247955322,20.4332237243652,22.2775955200195,18.7452697753906,1550.02075195312,311.664703369141,25.8199310302734,82.5318984985352,848.176879882812,103.075126647949,131.455230712891,562.609924316406
"26",19.7747116088867,15.0437078475952,70.7843017578125,136.036758422852,30.2585430145264,9.00565624237061,21.2528877258301,19.3327198028564,18.7522258758545,21.5386524200439,18.5517253875732,1493.72180175781,299.574188232422,8.8865385055542,76.6647338867188,790.181396484375,111.931678771973,290.564208984375,508.899749755859
"27",20.6168231964111,14.7765960693359,74.3171539306641,125.863380432129,30.8908233642578,11.0076665878296,19.8831558227539,19.3926906585693,22.3853588104248,22.3853588104248,19.3084392547607,1537.56970214844,268.318908691406,33.9265213012695,63.77587890625,706.160766601562,160.180770874023,160.180770874023,524.786071777344
"28",21.1022052764893,14.2827320098877,74.8653945922852,112.29532623291,30.6251811981201,11.5472984313965,19.0778827667236,20.2677612304688,21.959056854248,22.74658203125,19.9310894012451,1497.57543945312,273.297790527344,23.868408203125,68.3514022827148,726.330017089844,152.918548583984,153.471069335938,510.883117675781
"29",21.2507572174072,16.1917877197266,73.9123992919922,110.408737182617,31.8054389953613,9.89871120452881,21.9067268371582,20.8400287628174,20.3519992828369,22.6496391296387,20.2500286102295,1568.68078613281,231.434158325195,8.59408664703369,46.5894584655762,583.834533691406,253.823822021484,375.67138671875,418.791046142578
"30",20.2017345428467,16.3662452697754,72.5767822265625,121.029724121094,30.5811557769775,8.03090667724609,22.5502490997314,20.0364837646484,18.9686431884766,21.7599506378174,18.9686431884766,1334.52014160156,222.021392822266,5.1240816116333,55.0628890991211,589.294921875,174.804458618164,310.4599609375,174.804458618164
"31",20.1180381774902,16.2607669830322,73.2744750976562,116.138801574707,30.3863162994385,8.19473266601562,22.1915836334229,19.8854732513428,19.012378692627,21.6198787689209,19.012378692627,1293.8603515625,217.694366455078,4.83562755584717,56.6363258361816,580.843078613281,159.161010742188,304.145690917969,159.161010742188
"32",21.1539421081543,15.9079103469849,72.8780364990234,109.842903137207,31.5736293792725,9.74550342559814,21.828125,20.7997455596924,20.3116016387939,22.5815048217773,20.2058849334717,1577.72509765625,296.643157958984,3.69674682617188,73.5395965576172,839.092407226562,132.977874755859,313.0615234375,501.967651367188
"33",20.6103553771973,15.4237880706787,72.5055541992188,117.762390136719,30.7051258087158,9.43256568908691,21.2725601196289,20.3031921386719,19.6031494140625,22.151460647583,19.5416526794434,1519.91821289062,268.090393066406,4.88583040237427,66.1206665039062,752.347106933594,156.13493347168,314.199554443359,195.18132019043
"34",19.3826675415039,15.6957778930664,73.7881774902344,115.926307678223,29.4390411376953,8.16764163970947,21.2714004516602,19.0366535186768,18.4204330444336,20.8934841156006,18.395938873291,1295.14172363281,227.760314941406,4.94656801223755,61.0760459899902,603.360961914062,143.457427978516,296.427795410156,166.261367797852
"35",20.0697803497314,16.3617725372314,73.23681640625,119.870994567871,30.4331398010254,8.09222602844238,22.340913772583,19.7850036621094,18.972957611084,21.6313304901123,18.972957611084,1322.11767578125,216.299774169922,5.69401836395264,52.627254486084,566.182495117188,181.41569519043,316.275390625,181.41569519043
"36",22.8415203094482,15.7758455276489,67.9168853759766,183.001846313477,33.9406280517578,10.7124643325806,23.2281646728516,23.6328086853027,20.5503482818604,25.1180324554443,20.5503482818604,610.975708007812,146.579330444336,2.97530031204224,87.1545181274414,345.367858886719,39.3354339599609,217.720947265625,39.3354339599609
"37",18.3828258514404,14.8237590789795,73.2698593139648,132.648132324219,27.8403377532959,7.60860776901245,20.2317295074463,18.7996616363525,16.8468418121338,20.0023460388184,16.8468418121338,791.382202148438,223.390319824219,2.57650589942932,96.8346633911133,459.8486328125,50.6725311279297,205.862365722656,50.6725311279297
"38",22.3707962036133,15.3836860656738,75.3672714233398,121.679138183594,31.285099029541,10.8734731674194,20.4116249084473,22.244119644165,20.7717914581299,23.7408714294434,20.7717914581299,648.033630371094,113.466651916504,7.64887142181396,70.5921249389648,289.982299804688,45.1469764709473,197.620452880859,45.1469764709473
"39",18.2771816253662,14.4515056610107,72.6428451538086,132.143585205078,27.5394306182861,7.64551544189453,19.8939151763916,18.6504802703857,17.2643547058105,19.9141635894775,16.7939224243164,762.715270996094,231.378982543945,1.68903064727783,103.283218383789,462.471160888672,46.3952293395996,234.963226318359,48.9299507141113
"40",18.6734752655029,14.5872840881348,74.2952194213867,120.10417175293,27.6536464691162,8.01943016052246,19.6342163085938,19.1444759368896,17.2384033203125,20.1394882202148,17.2384033203125,815.968566894531,209.397369384766,4.03768110275269,90.2308578491211,456.910095214844,48.5738906860352,268.833526611328,48.5738906860352
"41",17.0958938598633,14.4633798599243,73.7326278686523,122.191558837891,26.2294368743896,6.61345291137695,19.6159839630127,17.4636497497559,15.7015762329102,18.5714893341064,15.7015762329102,822.403442382812,237.170440673828,2.83088421821594,98.6230010986328,483.724182128906,50.9769248962402,211.336547851562,50.9769248962402
"42",20.0084285736084,12.9471216201782,69.6406707763672,185.669845581055,28.9273777008057,10.3360548019409,18.5913238525391,21.047887802124,19.0816383361816,22.2593650817871,17.5555744171143,711.813903808594,144.971969604492,22.7938423156738,65.7653274536133,303.679107666016,86.4130706787109,113.220367431641,157.879623413086
"43",23.3811454772949,15.7079486846924,68.5422286987305,193.141555786133,34.3403358459473,11.423152923584,22.9171829223633,24.3119297027588,20.9595069885254,25.8019714355469,20.9595069885254,567.205444335938,161.620193481445,1.7631630897522,98.2776336669922,337.185668945312,37.365104675293,185.037857055664,37.365104675293
"44",17.8909091949463,15.093976020813,75.5645599365234,130.0654296875,27.9660701751709,7.99112987518311,19.9749412536621,17.3095245361328,17.0267353057861,19.6412048339844,16.6279239654541,798.896240234375,173.321838378906,1.50423884391785,79.3301620483398,433.640045166016,48.4245681762695,166.750640869141,269.343658447266
"45",16.7016448974609,14.1322431564331,75.9113082885742,114.174957275391,26.1191215515137,7.50233936309814,18.6167831420898,16.1325836181641,16.1382999420166,18.27467918396,15.5186176300049,949.622131347656,204.131744384766,2.01674866676331,81.842658996582,533.74755859375,65.0120849609375,183.719131469727,331.570129394531
"46",20.4769973754883,13.2884454727173,66.6124725341797,146.793151855469,30.6271667480469,10.6782817840576,19.9488849639893,19.1611633300781,20.7444076538086,22.5580883026123,19.0953254699707,1612.38708496094,333.599426269531,12.0627498626709,96.0444946289062,957.297119140625,37.9947471618652,75.0243682861328,876.310668945312
"47",22.0506172180176,13.0213098526001,67.7414245605469,139.150543212891,32.4289436340332,13.2068662643433,19.2220764160156,20.8752822875977,22.62034034729,24.1541919708252,20.8293113708496,1181.36401367188,221.535797119141,7.94894647598267,77.987060546875,577.7587890625,33.0283813476562,83.5028762817383,563.194763183594
"48",20.9186820983887,13.5512113571167,70.9520034790039,132.364288330078,30.934627532959,11.8355026245117,19.0991249084473,20.0162391662598,21.411190032959,22.9013404846191,19.5017204284668,1453.86267089844,294.796112060547,13.9684524536133,90.924690246582,818.462036132812,47.669246673584,65.8157806396484,589.383422851562
"49",19.5100078582764,15.080078125,72.6744232177734,143.003509521484,29.1721210479736,8.42193412780762,20.750186920166,19.9913883209229,17.8155746459961,21.2694931030273,17.8155746459961,755.777160644531,207.359634399414,2.58102202415466,94.8615493774414,434.151062011719,48.8799591064453,241.468078613281,48.8799591064453
"50",23.327709197998,14.651086807251,74.3435821533203,98.419563293457,33.7928619384766,14.085597038269,19.7072639465332,24.1715393066406,22.3438682556152,24.5486812591553,22.1837787628174,1483.47595214844,220.82780456543,45.042667388916,35.7411651611328,439.690826416016,286.193695068359,355.518157958984,358.087310791016
"51",17.2433700561523,14.4329099655151,76.8387680053711,101.67960357666,26.5087242126465,7.72535467147827,18.7833690643311,17.2744369506836,16.9513835906982,18.5065097808838,16.241153717041,1483.81311035156,213.367950439453,16.7587089538574,43.7628364562988,550.758544921875,250.505798339844,270.084899902344,412.463806152344
"52",16.8753128051758,15.2779588699341,74.9863357543945,95.4150695800781,26.5097618103027,6.13543748855591,20.374324798584,16.6292896270752,16.0552406311035,18.0186100006104,16.0087394714355,1074.08093261719,131.655075073242,12.3897695541382,34.9116172790527,364.923187255859,162.950622558594,292.452514648438,179.889495849609
"53",20.4152870178223,15.3190011978149,74.553596496582,93.6001892089844,30.3108367919922,9.76320171356201,20.5476341247559,21.5674743652344,19.7191467285156,21.600118637085,19.4224033355713,1131.29772949219,159.635238647461,30.5999698638916,42.5016784667969,394.528350830078,152.741882324219,299.839569091797,256.452331542969
"54",18.7709655761719,14.8763008117676,73.8399658203125,84.8807907104492,28.0727729797363,7.92609357833862,20.1466789245605,19.7936267852783,17.9121532440186,19.7936267852783,17.8535957336426,1330.79675292969,225.325653076172,37.9508590698242,54.4504318237305,495.25341796875,147.049453735352,495.25341796875,317.762329101562
"55",20.9142742156982,14.950140953064,68.4087829589844,194.278533935547,31.5561408996582,9.70201683044434,21.8541240692139,22.7263488769531,19.3793449401855,23.2286853790283,18.6336555480957,845.036193847656,213.980056762695,10.4073219299316,95.1011047363281,492.738952636719,79.6016845703125,293.315795898438,85.5652465820312
"56",17.5126571655273,15.0161743164062,74.2246170043945,115.958076477051,27.6480255126953,7.41730499267578,20.2307205200195,16.4628486633301,17.1954231262207,18.9515762329102,16.314302444458,1043.07934570312,146.783386230469,3.58240652084351,45.1979446411133,403.213073730469,136.344604492188,235.919158935547,314.312591552734
"57",22.7201843261719,15.543098449707,74.9043655395508,109.51229095459,33.1600074768066,12.4094161987305,20.7505912780762,21.9202651977539,22.0922966003418,24.0836772918701,21.5033302307129,1101.0126953125,164.835464477539,4.5184268951416,51.3711166381836,472.387573242188,136.695617675781,226.370803833008,301.698272705078
"58",18.8974132537842,16.0843563079834,75.2763442993164,106.778694152832,29.3629302978516,7.99585056304932,21.3670806884766,18.2537651062012,18.2027778625488,20.2094821929932,17.9017143249512,929.557434082031,139.241561889648,3.66959500312805,47.7947578430176,367.950500488281,106.168243408203,208.981811523438,283.519226074219
"59",22.5620212554932,13.8145627975464,75.9457397460938,120.095024108887,32.4536743164062,14.2636318206787,18.1900424957275,23.2748546600342,21.2012691497803,23.9785614013672,21.2012691497803,815.366821289062,121.888076782227,35.8402671813965,46.4766845703125,308.128051757812,122.041175842285,193.812240600586,122.041175842285
"60",20.4769973754883,13.2884454727173,66.6124725341797,146.793151855469,30.6271667480469,10.6782817840576,19.9488849639893,19.1611633300781,20.7444076538086,22.5580883026123,19.0953254699707,1612.38708496094,333.599426269531,12.0627498626709,96.0444946289062,957.297119140625,37.9947471618652,75.0243682861328,876.310668945312
"61",22.2428073883057,14.6194553375244,78.387336730957,70.7299194335938,31.6050491333008,12.9547710418701,18.6502780914307,22.4579219818115,22.7913818359375,22.9978294372559,21.4192790985107,1576.89331054688,224.475524902344,25.8942241668701,41.340217590332,524.122192382812,264.917205810547,303.25341796875,290.746826171875
"62",18.3906555175781,15.8867416381836,73.3613510131836,109.412521362305,28.0990829467773,6.4436182975769,21.6554641723633,19.4832324981689,17.1211490631104,19.5712623596191,17.1211490631104,1269.99560546875,144.244613647461,22.4529571533203,32.4516410827637,392.004974365234,207.593139648438,384.205932617188,207.593139648438
"63",15.043888092041,15.0279951095581,78.9100494384766,86.1386489868164,24.0984382629395,5.0539755821228,19.0444622039795,14.7639455795288,14.4923496246338,16.145601272583,14.2496862411499,1235.06262207031,149.556564331055,27.0713195800781,37.6453437805176,414.011810302734,175.362808227539,337.815582275391,257.992614746094
"64",16.6293487548828,15.8237028121948,76.6649932861328,94.6187286376953,26.355583190918,5.71552133560181,20.6400623321533,16.0005569458008,15.8388528823853,17.8443489074707,15.6878280639648,1353.17993164062,169.677856445312,33.2652587890625,39.508415222168,444.182373046875,168.69580078125,408.247772216797,279.095642089844
"65",17.3531436920166,15.3703937530518,71.2354736328125,149.495132446289,27.8960514068604,6.31916999816895,21.5768814086914,16.8324184417725,15.8611173629761,19.47412109375,15.8611173629761,748.136535644531,241.280044555664,1.12174308300018,124.174133300781,527.202758789062,33.1928253173828,119.345016479492,33.1928253173828
"66",20.422700881958,14.2994747161865,71.478157043457,184.69938659668,30.7858123779297,10.7804346084595,20.0053787231445,19.285924911499,19.7170028686523,22.8720321655273,18.4466171264648,803.008361816406,188.130798339844,2.72389531135559,87.1578750610352,462.688812255859,54.6890296936035,142.746368408203,285.091369628906
"67",17.806604385376,17.4844779968262,72.8959121704102,125.519561767578,29.0492343902588,5.06369495391846,23.985538482666,17.6717071533203,17.0127906799316,19.5471019744873,16.7951698303223,1269.73376464844,359.711303710938,18.5768661499023,110.988334655762,833.893615722656,60.0840606689453,264.964874267578,531.507080078125
"68",23.2363948822021,12.9629764556885,77.0124435424805,112.272605895996,32.3594017028809,15.5270872116089,16.8323135375977,24.0452365875244,22.0128917694092,24.5609512329102,22.0128917694092,818.074035644531,119.797508239746,31.3059997558594,41.6322708129883,302.551788330078,123.330688476562,206.324264526367,123.330688476562
"69",19.0401554107666,13.5558071136475,75.7379302978516,98.8811645507812,28.0808143615723,10.1825075149536,17.898307800293,20.0824909210205,19.0354785919189,20.2248611450195,18.0333213806152,1377.35961914062,167.347671508789,23.2906150817871,33.8478393554688,461.149108886719,217.467681884766,378.175354003906,358.163391113281
"70",24.0408973693848,13.7647275924683,77.1971969604492,111.041206359863,33.6772003173828,15.8465948104858,17.8306045532227,24.7801780700684,22.8663024902344,25.3528518676758,22.8663024902344,513.863037109375,91.1017150878906,18.0696697235107,56.1215858459473,210.259017944336,58.8600425720215,113.887725830078,58.8600425720215
"71",23.0710258483887,13.4955825805664,72.4693450927734,138.571533203125,32.9485740661621,14.3261041641235,18.6224708557129,23.7359390258789,21.5166797637939,24.7032814025879,21.5166797637939,552.154846191406,91.7312545776367,18.9949264526367,52.4933395385742,222.00439453125,71.1739807128906,131.815277099609,71.1739807128906
"72",19.9798355102539,14.6959228515625,75.0863418579102,128.024490356445,30.1334342956543,10.5614023208618,19.5720329284668,18.4781932830811,20.0449600219727,21.4277172088623,18.4781932830811,1202.66540527344,163.770553588867,5.86236906051636,44.6886825561523,463.954315185547,149.307907104492,268.648071289062,463.954315185547
"73",20.4538192749023,15.1355457305908,76.685302734375,141.218948364258,30.8839321136475,11.1467142105103,19.7372169494629,18.6392650604248,21.1452674865723,21.9242267608643,18.6392650604248,1302.3076171875,173.144317626953,8.59897327423096,41.4227638244629,477.764465332031,178.514038085938,296.370697021484,477.764465332031
"74",23.8052806854248,11.2098560333252,80.132698059082,69.9934234619141,31.3999633789062,17.4108467102051,13.9891166687012,23.60866355896,23.0136909484863,24.7271556854248,23.0136909484863,1481.31640625,229.381408691406,42.8802452087402,57.0506591796875,551.472839355469,161.431655883789,292.273406982422,161.431655883789
"75",22.5889568328857,10.1740808486938,80.0963668823242,62.0635070800781,29.3468017578125,16.6445007324219,12.7023010253906,23.0317401885986,22.3029670715332,23.3585968017578,21.9720420837402,1332.36389160156,161.008590698242,54.7353134155273,33.35302734375,454.391052246094,227.996078491211,372.890808105469,388.787078857422
"76",21.1828002929688,11.6081352233887,82.035758972168,52.8658027648926,28.3008079528809,14.1507158279419,14.150092124939,20.6428127288818,21.0413246154785,21.7539234161377,20.6428127288818,1028.19567871094,157.623382568359,5.91580533981323,58.1064682006836,400.095642089844,39.965648651123,316.738952636719,400.095642089844
"77",23.4302730560303,10.7622756958008,70.6609420776367,103.811248779297,31.9862785339355,16.7554092407227,15.2308692932129,22.7087020874023,24.4212398529053,24.8358821868896,22.5134086608887,1380.4677734375,179.34944152832,30.8017597198486,40.1849822998047,486.711120605469,172.225311279297,207.706939697266,475.712921142578
"78",23.8737449645996,9.93316459655762,71.6447830200195,91.9262847900391,31.5591239929199,17.6946601867676,13.8644638061523,23.2123336791992,24.7306003570557,25.0811023712158,23.0614624023438,1283.51049804688,169.304061889648,34.9261627197266,40.7220115661621,445.8564453125,158.082153320312,197.125091552734,432.358428955078
"79",23.9255180358887,10.9196186065674,78.5670471191406,70.576530456543,31.5630226135254,17.66455078125,13.8984718322754,23.784236907959,23.3242874145508,24.8379249572754,23.0936737060547,1280.42004394531,192.028335571289,44.3693161010742,53.5246658325195,469.934265136719,165.97834777832,241.743835449219,166.762908935547
"80",23.147424697876,10.597339630127,81.1372756958008,59.5934638977051,29.9502830505371,16.8892822265625,13.0610008239746,23.0683784484863,22.3739318847656,23.9022045135498,22.3739318847656,1474.52807617188,226.087448120117,40.6470336914062,53.8180732727051,586.617919921875,147.136978149414,421.712036132812,147.136978149414
"81",23.366548538208,10.6206569671631,80.3173217773438,60.8175315856934,30.3589267730713,17.1355571746826,13.2233695983887,23.2893810272217,22.5824146270752,24.1320514678955,22.5824146270752,1414.79895019531,200.59423828125,42.794563293457,51.8748512268066,545.168395996094,152.927307128906,401.102661132812,152.927307128906
"82",23.9391956329346,10.9882278442383,77.9375991821289,73.7397384643555,31.8247375488281,17.7259864807129,14.0987510681152,24.3002109527588,23.0566062927246,24.8772087097168,23.0566062927246,1291.12963867188,203.091796875,47.6888885498047,51.9212112426758,486.631011962891,180.121643066406,232.88508605957,180.121643066406
"83",23.8612957000732,10.9244318008423,78.4161148071289,71.0886001586914,31.607738494873,17.6763782501221,13.931360244751,24.2278728485107,22.9974479675293,24.7466201782227,22.9974479675293,1278.71508789062,198.244445800781,47.5527687072754,51.0720825195312,475.725646972656,178.316940307617,234.688690185547,178.316940307617
"84",23.3479309082031,10.7481842041016,79.3488922119141,63.5307807922363,30.7280883789062,17.1826133728027,13.5454750061035,23.2251434326172,22.5610218048096,24.1291446685791,22.5610218048096,1333.81518554688,178.772888183594,44.5179672241211,47.8398666381836,489.14208984375,164.770980834961,381.911468505859,164.770980834961
"85",23.6761817932129,10.1832542419434,74.2899398803711,84.6386642456055,31.3729476928711,17.6655006408691,13.707447052002,23.1425380706787,24.5032138824463,24.8246841430664,22.9963607788086,1246.60729980469,170.319763183594,43.9817390441895,39.6969146728516,421.990814208984,169.859725952148,215.250518798828,252.78385925293
"86",23.75,10.4293231964111,76.9829711914062,79.4878005981445,31.4047718048096,17.8572006225586,13.547571182251,24.2112236022949,24.5111331939697,24.7653102874756,22.8801555633545,1151.3359375,161.104217529297,32.9209899902344,41.9019241333008,389.028747558594,162.274383544922,194.357681274414,224.150054931641
"87",22.2629833221436,10.5761680603027,78.2449188232422,67.7389450073242,29.7775344848633,16.2607879638672,13.5167465209961,21.8055267333984,21.8541126251221,23.1159057617188,21.6626777648926,1226.61889648438,163.57356262207,42.830623626709,43.509708404541,431.318084716797,190.166107177734,342.4814453125,392.784576416016
"88",23.0540504455566,10.8507623672485,79.6305236816406,60.4853057861328,30.4685764312744,16.8421897888184,13.6263866424561,22.9020233154297,22.3304824829102,23.7739143371582,22.3304824829102,1237.08459472656,161.104415893555,45.1713066101074,43.0000991821289,451.708465576172,175.364318847656,342.953430175781,175.364318847656
"89",23.2767448425293,10.8037548065186,79.3210830688477,63.0237159729004,30.7642021179199,17.1439208984375,13.6202812194824,23.1030158996582,22.5369987487793,24.0356540679932,22.5369987487793,1281.61071777344,167.565887451172,49.3608894348145,42.7667961120605,459.99560546875,188.336212158203,357.875671386719,188.336212158203
"90",23.2838115692139,11.0180292129517,79.6229553222656,61.6429481506348,30.8320350646973,16.9942798614502,13.8377552032471,23.1401653289795,22.5396327972412,24.0235347747803,22.5396327972412,1235.3798828125,163.244110107422,44.3250122070312,45.1107025146484,447.201782226562,168.688125610352,348.577270507812,168.688125610352
"91",22.4699058532715,10.3748140335083,76.923713684082,65.9379425048828,29.5899353027344,16.1027889251709,13.4871463775635,22.635570526123,21.8007125854492,23.3267574310303,21.8007125854492,1054.56457519531,160.317535400391,18.1787948608398,52.4221267700195,424.182250976562,87.1498641967773,265.679992675781,87.1498641967773
"92",21.7757358551025,10.6855707168579,78.0742797851562,56.130199432373,28.7734336853027,15.0870180130005,13.6864156723022,22.0226287841797,21.2051982879639,22.4833545684814,21.2051982879639,851.745544433594,122.119476318359,8.40934562683105,56.9683227539062,344.066528320312,44.6558151245117,295.825073242188,44.6558151245117
"93",22.4436473846436,10.2792854309082,77.0931930541992,66.405029296875,29.5727996826172,16.2392158508301,13.3335838317871,22.6414585113525,21.7778568267822,23.3031349182129,21.7778568267822,1188.10949707031,180.77555847168,23.9360198974609,51.4602165222168,477.125854492188,113.163444519043,278.915740966797,113.163444519043
"94",23.1946964263916,10.4644765853882,79.6827545166016,62.7503852844238,30.151819229126,17.0191440582275,13.1326751708984,23.040864944458,22.4371948242188,24.0098495483398,22.4371948242188,1516.67883300781,252.768539428711,42.0495071411133,57.8823547363281,589.148803710938,141.50439453125,438.794891357422,141.50439453125
"95",22.5412902832031,9.79262924194336,79.0750122070312,58.6172981262207,29.0427303314209,16.6587562561035,12.3839740753174,22.9615535736084,21.8612365722656,23.2756156921387,21.8612365722656,1268.31628417969,172.557205200195,34.7885665893555,43.498851776123,444.170288085938,151.130889892578,385.032257080078,151.130889892578
"96",22.5671310424805,10.4266891479492,76.7239837646484,66.176872253418,29.8679351806641,16.2780666351318,13.5898685455322,22.2832183837891,21.92063331604,23.4322395324707,21.92063331604,991.493347167969,139.423294067383,26.7248802185059,45.6299018859863,344.742950439453,102.234504699707,236.420761108398,102.234504699707
"97",22.6248874664307,9.56605625152588,78.6803970336914,59.0482139587402,28.9508953094482,16.7927761077881,12.1581192016602,23.0375080108643,21.9293785095215,23.3670978546143,21.9293785095215,1371.85034179688,204.806762695312,34.680248260498,49.9183769226074,541.817687988281,153.113571166992,422.138153076172,153.113571166992
"98",22.41650390625,9.65388202667236,78.2832870483398,62.841480255127,29.0178737640381,16.6858901977539,12.3319835662842,22.2161102294922,21.6918048858643,23.1962585449219,21.6918048858643,1164.73608398438,157.942230224609,34.349193572998,42.6533203125,410.869049072266,142.021911621094,355.113128662109,142.021911621094
"99",22.9108734130859,10.3862686157227,77.4583053588867,71.0223770141602,30.4165706634521,17.007719039917,13.4088516235352,22.4889945983887,22.4071922302246,23.901216506958,22.4071922302246,994.863159179688,132.809051513672,29.6962604522705,42.4050331115723,357.005310058594,136.91096496582,215.704147338867,136.91096496582
"100",22.8400745391846,10.5271902084351,77.3963851928711,70.3961944580078,30.3224792480469,16.7208232879639,13.601655960083,22.5443782806396,22.1184425354004,23.7422580718994,22.1184425354004,1021.42388916016,137.539962768555,37.2109336853027,41.5002250671387,343.268280029297,156.629409790039,296.475311279297,156.629409790039
"101",22.5020580291748,10.1465291976929,78.8469161987305,63.085693359375,29.4656753540039,16.5970306396484,12.8686447143555,22.2834758758545,21.7794399261475,23.2841739654541,21.7794399261475,1217.67529296875,164.472473144531,38.585277557373,42.597972869873,422.723022460938,158.739196777344,374.862854003906,158.739196777344
"102",22.6953353881836,10.0149784088135,79.6577453613281,59.1758460998535,29.2861785888672,16.7136669158936,12.5725116729736,22.6252880096436,22.2084884643555,23.4420566558838,21.9326171875,1523.4091796875,241.727249145508,40.6473426818848,54.0648574829102,602.168701171875,140.215927124023,448.707061767578,140.331146240234
"103",22.4420547485352,10.2590627670288,79.4758224487305,61.7094573974609,29.3108692169189,16.4024620056152,12.9084072113037,22.3591995239258,21.6516971588135,23.1556072235107,21.6516971588135,1413.16516113281,198.486389160156,45.5439682006836,48.4247817993164,520.532165527344,155.686767578125,400.910461425781,155.686767578125
"104",22.9148559570312,10.5865230560303,79.9652786254883,59.7455406188965,30.071418762207,16.83251953125,13.238899230957,22.7923221588135,22.1880493164062,23.6377258300781,22.1880493164062,1261.21960449219,172.398056030273,42.2308578491211,46.606689453125,465.438171386719,151.809585571289,349.125732421875,151.809585571289
"105",21.7805919647217,9.96718502044678,79.0613479614258,52.972297668457,27.9529609680176,15.3460607528687,12.6069002151489,22.0102806091309,21.1724967956543,22.3975124359131,21.1705532073975,1173.74255371094,196.342102050781,6.28607320785522,69.6997909545898,549.294738769531,33.8525238037109,445.735412597656,213.455123901367
"106",21.0537242889404,10.1503591537476,78.4331359863281,51.8971214294434,27.445894241333,14.5044765472412,12.9414176940918,21.314037322998,20.5030879974365,21.6841049194336,20.5030879974365,933.973266601562,139.5927734375,5.53211116790771,63.5522041320801,409.540100097656,32.8818740844727,341.702819824219,32.8818740844727
"107",22.0123825073242,10.2591009140015,78.1528244018555,54.9788284301758,28.6144638061523,15.4874897003174,13.126974105835,22.2321701049805,21.386589050293,22.6807441711426,21.386589050293,1149.25354003906,211.126403808594,9.74166965484619,67.7811584472656,544.973510742188,47.9726486206055,414.882110595703,47.9726486206055
"108",20.1702156066895,11.5859575271606,81.9809799194336,44.8067817687988,27.0103073120117,12.8778123855591,14.1324949264526,19.9394416809082,20.0180149078369,20.5029792785645,19.8275508880615,986.702880859375,153.187683105469,2.46044039726257,61.2177391052246,408.554870605469,29.5420513153076,293.030029296875,393.970886230469
"109",22.3555011749268,10.7062168121338,76.7221374511719,64.1178359985352,29.716100692749,15.7615661621094,13.9545345306396,22.583625793457,21.7457618713379,23.2021560668945,21.7457618713379,897.930603027344,127.405601501465,14.1368217468262,51.26416015625,345.846221923828,65.567626953125,240.21630859375,65.567626953125
"110",22.8877792358398,10.3071985244751,78.4526519775391,64.9627685546875,29.9397449493408,16.8016319274902,13.1381130218506,22.7307510375977,22.0946636199951,23.6850566864014,22.0946636199951,1212.63317871094,148.921936035156,38.6781349182129,41.6396102905273,432.338928222656,160.685577392578,353.906341552734,160.685577392578
"111",22.7655334472656,10.7229480743408,79.2690658569336,64.0277328491211,30.0870780944824,16.5597991943359,13.5272789001465,22.6332836151123,21.9878730773926,23.5452842712402,21.9878730773926,1217.66418457031,155.327026367188,41.6576652526855,43.4122657775879,443.532470703125,154.09147644043,338.336334228516,154.09147644043
"112",21.2895278930664,10.3500232696533,69.6083526611328,67.7186889648438,29.0069217681885,14.1379823684692,14.8689393997192,20.8603801727295,21.0256080627441,21.8645668029785,20.8603801727295,1093.4775390625,176.915710449219,0.946379423141479,76.4408721923828,471.375823974609,7.11925220489502,219.992126464844,471.375823974609
"113",21.510570526123,10.4949159622192,70.1570816040039,65.2776947021484,29.2794055938721,14.320237159729,14.9591684341431,21.0869026184082,21.2630977630615,22.0894660949707,21.0869026184082,1093.45263671875,178.085388183594,0.85969603061676,76.1621704101562,468.94873046875,6.66261053085327,223.523223876953,468.94873046875
"114",21.9012069702148,9.01482009887695,78.1387023925781,42.7089729309082,27.273645401001,15.7366991043091,11.5369462966919,22.0828437805176,21.4000968933105,22.388858795166,21.4000968933105,2132.408203125,392.526519775391,11.7768144607544,75.0538101196289,1030.60388183594,60.335277557373,805.419494628906,60.335277557373
"115",21.9012069702148,9.01482009887695,78.1387023925781,42.7089729309082,27.273645401001,15.7366991043091,11.5369462966919,22.0828437805176,21.4000968933105,22.388858795166,21.4000968933105,2132.408203125,392.526519775391,11.7768144607544,75.0538101196289,1030.60388183594,60.335277557373,805.419494628906,60.335277557373
"116",21.634256362915,9.20682430267334,78.3883285522461,42.3101844787598,27.0908241271973,15.3456773757935,11.7451467514038,21.8111419677734,21.1508293151855,22.1184253692627,21.1508293151855,2032.1884765625,376.996185302734,10.4775485992432,74.9683837890625,980.63525390625,54.367805480957,764.450866699219,54.367805480957
"117",21.9012069702148,9.01482009887695,78.1387023925781,42.7089729309082,27.273645401001,15.7366991043091,11.5369462966919,22.0828437805176,21.4000968933105,22.388858795166,21.4000968933105,2132.408203125,392.526519775391,11.7768144607544,75.0538101196289,1030.60388183594,60.335277557373,805.419494628906,60.335277557373
"118",21.841817855835,10.2928028106689,78.5325241088867,47.7099189758301,28.0874004364014,14.9809808731079,13.1064195632935,22.0117340087891,21.3739204406738,22.3600769042969,21.2852001190186,1256.68884277344,209.796234130859,3.72494459152222,70.3515548706055,564.218017578125,22.277156829834,491.002197265625,196.502655029297
"119",22.0003299713135,8.62546348571777,78.0752563476562,41.8104400634766,27.1342926025391,16.0866641998291,11.04762840271,22.177303314209,21.5080509185791,22.4754028320312,21.5080509185791,2133.64721679688,384.650848388672,11.2211093902588,75.0526657104492,1027.56494140625,56.8608474731445,813.614196777344,56.8608474731445
"120",20.4661769866943,10.2696123123169,77.9541931152344,40.3088874816895,26.9909744262695,13.8170680999756,13.1739063262939,20.4786701202393,20.2890434265137,20.7947559356689,20.0734405517578,1119.94787597656,180.480102539062,1.1239058971405,69.9289779663086,467.307586669922,13.0502367019653,120.621475219727,138.751937866211
"121",21.4948654174805,10.7372665405273,78.8362426757812,43.7614250183105,28.2955722808838,14.6758642196655,13.6197080612183,21.5333690643311,21.4727554321289,21.9388542175293,21.1756858825684,896.494140625,125.029891967773,0.935600757598877,65.3132553100586,359.596252441406,13.8057661056519,39.6486968994141,129.598281860352
"122",20.7131729125977,10.3328619003296,78.7449951171875,42.4622764587402,27.1486663818359,14.0267381668091,13.1219282150269,20.7839603424072,20.4616832733154,21.0936088562012,20.2650775909424,1121.67224121094,189.594467163086,1.45403599739075,69.1216201782227,478.022766113281,16.1742362976074,449.615081787109,144.985214233398
"123",22.0759143829346,9.75661563873291,76.9806289672852,38.3394775390625,28.2162971496582,15.5421800613403,12.6741170883179,22.0654144287109,21.7727890014648,22.3625564575195,21.6590003967285,1494.34643554688,251.484466552734,1.59339153766632,74.1477813720703,659.324829101562,14.8947401046753,139.173889160156,196.197998046875
"124",20.6094341278076,9.62783908843994,78.7501220703125,38.5055809020996,26.461971282959,14.2361621856689,12.22580909729,20.6821994781494,20.2883415222168,20.9987697601318,20.1817436218262,1559.03344726562,252.830718994141,3.43078422546387,72.8674926757812,709.717102050781,20.5537185668945,616.016418457031,243.904754638672
"125",21.528263092041,10.0653228759766,73.5175094604492,43.790771484375,28.4614849090576,14.7704296112061,13.6910552978516,21.3322925567627,21.3485565185547,21.9515609741211,21.2182197570801,1197.05517578125,195.656234741211,0.458057224750519,75.3545227050781,497.760864257812,8.08590412139893,110.702735900879,126.771934509277
"126",22.0759143829346,9.75661563873291,76.9806289672852,38.3394775390625,28.2162971496582,15.5421800613403,12.6741170883179,22.0654144287109,21.7727890014648,22.3625564575195,21.6590003967285,1494.34643554688,251.484466552734,1.59339153766632,74.1477813720703,659.324829101562,14.8947401046753,139.173889160156,196.197998046875
"127",22.0759143829346,9.75661563873291,76.9806289672852,38.3394775390625,28.2162971496582,15.5421800613403,12.6741170883179,22.0654144287109,21.7727890014648,22.3625564575195,21.6590003967285,1494.34643554688,251.484466552734,1.59339153766632,74.1477813720703,659.324829101562,14.8947401046753,139.173889160156,196.197998046875
"128",20.8010520935059,9.8043327331543,77.7161254882812,38.1886863708496,26.8643894195557,14.248818397522,12.6155710220337,20.8366012573242,20.4729022979736,21.1479892730713,20.365421295166,1507.15234375,245.8125,2.07353806495667,73.4063034057617,666.857482910156,14.7758007049561,606.09814453125,204.093246459961
"129",24.1603622436523,10.2693662643433,79.9502105712891,47.6703033447266,30.3190746307373,17.4743728637695,12.8447017669678,24.128978729248,23.6099109649658,24.5699424743652,23.5362968444824,1110.59301757812,215.381210327148,8.01257705688477,75.0809936523438,447.091033935547,31.8140697479248,337.138244628906,149.801895141602
"130",21.2765731811523,10.6785697937012,70.7842788696289,60.7586708068848,29.1515598297119,14.0654850006104,15.0860748291016,20.9175319671631,21.3386344909668,22.1135902404785,20.8156661987305,994.513916015625,156.983688354492,0.840721130371094,74.4956207275391,415.841003417969,8.48618125915527,82.9147644042969,104.846954345703
"131",22.1262016296387,10.6260681152344,77.1344375610352,57.5517425537109,28.8531494140625,15.0771141052246,13.7760353088379,22.2277183532715,21.3728294372559,22.8045120239258,21.3728294372559,1744.88159179688,357.355682373047,19.8579521179199,69.1798400878906,678.162475585938,76.4525299072266,474.952392578125,76.4525299072266
"132",23.3970966339111,11.0217351913452,78.3894577026367,55.8408126831055,30.2846183776855,16.2243919372559,14.0602264404297,23.5119667053223,22.6965560913086,24.0243282318115,22.6965560913086,1307.45715332031,248.493347167969,15.0795907974243,71.2079315185547,515.524658203125,51.5615615844727,352.779174804688,51.5615615844727
"133",23.4428195953369,10.992880821228,78.2271957397461,55.470703125,30.3503456115723,16.2978401184082,14.0525054931641,23.5330867767334,22.7596225738525,24.0700740814209,22.7500610351562,1287.44934082031,246.465072631836,14.6427268981934,71.9098892211914,508.402740478516,49.0166893005371,348.935485839844,204.119049072266
"134",22.6253242492676,10.7937068939209,77.3161392211914,57.0364685058594,29.4234447479248,15.4629611968994,13.9604835510254,22.7339630126953,21.8834056854248,23.2902965545654,21.8834056854248,1562.14392089844,306.957275390625,18.3705749511719,69.0349655151367,595.673461914062,68.109977722168,418.164154052734,68.109977722168
"135",23.129732131958,9.48690223693848,74.761116027832,50.5014457702637,29.0129089355469,16.3232879638672,12.6896209716797,23.0043067932129,22.6215629577637,23.6407032012939,22.4809494018555,1671.67639160156,295.704772949219,8.95184898376465,72.5181579589844,693.298706054688,48.6383285522461,314.123199462891,210.721542358398
"136",23.3828125,8.541823387146,74.4356002807617,53.1678047180176,28.6821308135986,17.2066764831543,11.4754543304443,23.3233432769775,22.7848415374756,23.9165554046631,22.6830501556396,1632.03649902344,293.402893066406,9.73409271240234,73.1782836914062,677.802185058594,47.534610748291,292.613830566406,208.189895629883
"137",21.6272487640381,10.2454633712769,70.3622436523438,62.9156608581543,29.1700305938721,14.6090068817139,14.5610237121582,21.2196865081787,21.3714218139648,22.1969375610352,21.2196865081787,1105.68469238281,180.236801147461,0.928349137306213,76.6579208374023,478.7958984375,6.83177947998047,222.463455200195,478.7958984375
"138",21.6258983612061,10.3553104400635,70.2941131591797,63.2107276916504,29.2680931091309,14.5366878509521,14.7314052581787,21.1978454589844,21.4379348754883,22.178394317627,21.1978454589844,1087.802734375,177.515014648438,0.825369417667389,76.0345153808594,462.503692626953,6.84211444854736,225.173919677734,462.503692626953
"139",24.4662094116211,11.0593538284302,75.1518249511719,89.3626556396484,32.788501739502,18.0724868774414,14.7160148620605,23.9362564086914,25.328727722168,25.6480484008789,23.5996227264404,1258.23840332031,170.803421020508,32.2813835144043,41.3144569396973,423.588104248047,166.399993896484,209.740875244141,261.8564453125
"140",21.8483028411865,9.21504592895508,77.8755416870117,41.7788162231445,27.3411407470703,15.5080976486206,11.8330430984497,22.0129909515381,21.3784217834473,22.3057765960693,21.355598449707,1835.91076660156,317.52001953125,6.5844349861145,75.0100250244141,875.6923828125,34.8635864257812,710.148254394531,336.299926757812
"141",21.3363819122314,10.3252849578857,64.6175765991211,81.6944427490234,29.2934417724609,13.3143749237061,15.9790668487549,21.2298698425293,20.7908172607422,22.431324005127,20.3735046386719,1234.76940917969,249.603729248047,0.388349056243896,86.1452026367188,580.454223632812,3.60555982589722,67.7592391967773,89.7971496582031
"142",21.468132019043,9.21899890899658,78.2368392944336,41.913761138916,26.9867458343506,15.2032957077026,11.7834501266479,21.6392517089844,20.9891700744629,21.9387245178223,20.9891700744629,2020.44982910156,376.820709228516,9.70930957794189,75.4490966796875,977.575378417969,50.8806381225586,761.454711914062,50.8806381225586
"143",21.8575229644775,10.3587322235107,77.6280364990234,46.6983871459961,28.2433052062988,14.899245262146,13.3440599441528,22.0044612884521,21.4340724945068,22.3495445251465,21.3188953399658,1285.24133300781,213.690734863281,3.64608430862427,70.839241027832,580.456237792969,21.850248336792,500.092041015625,205.732498168945
"144",22.0079021453857,10.0214681625366,77.0121078491211,41.4284744262695,28.2970275878906,15.2841796875,13.0128479003906,22.0610580444336,21.664041519165,22.3776721954346,21.5116844177246,1470.05920410156,247.045364379883,3.29366970062256,73.0989379882812,674.582824707031,20.3514728546143,575.663757324219,236.380004882812
"145",21.7967128753662,10.3510217666626,74.4927825927734,43.9615325927734,28.9625854492188,15.06725025177,13.8953351974487,21.6495609283447,21.7000408172607,22.2618846893311,21.4471092224121,1134.82409667969,187.286956787109,0.896327257156372,72.9815902709961,475.150604248047,9.45816802978516,108.16478729248,131.152587890625
"146",21.4948654174805,10.7372665405273,78.8362426757812,43.7614250183105,28.2955722808838,14.6758642196655,13.6197080612183,21.5333690643311,21.4727554321289,21.9388542175293,21.1756858825684,896.494140625,125.029891967773,0.935600757598877,65.3132553100586,359.596252441406,13.8057661056519,39.6486968994141,129.598281860352
"147",20.7060947418213,10.8288402557373,79.8920135498047,44.471752166748,27.3166770935059,13.7623300552368,13.554347038269,20.8081321716309,20.4732837677002,21.0954627990723,20.2352867126465,988.563293457031,156.010589599609,1.22623240947723,66.3097991943359,412.229248046875,15.9458799362183,374.511871337891,136.737915039062
"148",21.964635848999,8.64359283447266,77.23779296875,39.6427001953125,27.2482509613037,16.0573654174805,11.1908855438232,22.0619049072266,21.5667152404785,22.3582286834717,21.5018882751465,1821.46740722656,314.818481445312,4.47259092330933,75.4960250854492,867.357299804688,27.180980682373,735.181396484375,303.485504150391
"149",21.0787048339844,9.54866790771484,78.093017578125,39.7182006835938,26.9006385803223,14.6733379364014,12.2273006439209,21.1636199951172,20.7123260498047,21.4798183441162,20.6182518005371,1678.57373046875,281.920532226562,4.22573709487915,74.2055282592773,786.911682128906,23.8853054046631,668.317138671875,277.445465087891
"150",22.6774349212646,9.7350959777832,75.1853408813477,41.6850814819336,29.0904788970947,16.1423473358154,12.9481315612793,22.5558433532715,22.441385269165,23.0857181549072,22.3144721984863,1253.95471191406,203.237533569336,0.391399085521698,74.5494003295898,517.965881347656,9.90330505371094,125.812789916992,135.609924316406
"151",22.0759143829346,9.75661563873291,76.9806289672852,38.3394775390625,28.2162971496582,15.5421800613403,12.6741170883179,22.0654144287109,21.7727890014648,22.3625564575195,21.6590003967285,1494.34643554688,251.484466552734,1.59339153766632,74.1477813720703,659.324829101562,14.8947401046753,139.173889160156,196.197998046875
"152",20.4733066558838,9.89610004425049,78.0427398681641,37.1892280578613,26.6012058258057,13.9208469390869,12.6803588867188,20.4961528778076,20.1769905090332,20.8089218139648,20.0683307647705,1438.34167480469,229.737564086914,1.71500408649445,72.9228668212891,621.986572265625,13.0873527526855,575.169921875,184.902084350586
"153",20.6819400787354,9.87990760803223,77.8347015380859,38.533821105957,26.750804901123,14.0573568344116,12.6934480667114,20.732349395752,20.3388233184814,21.0468330383301,20.2348213195801,1522.50170898438,248.561782836914,2.31478643417358,73.3563461303711,680.342041015625,15.5033226013184,611.205078125,214.640609741211
"154",23.0388622283936,10.5606031417847,78.1848983764648,51.3772048950195,29.4312400817871,15.9240236282349,13.5072164535522,23.2744598388672,22.4178867340088,23.4552593231201,22.3576049804688,1221.59558105469,246.32682800293,8.12897682189941,73.4222412109375,486.515289306641,39.0134963989258,381.808227539062,147.240173339844
"155",21.6477394104004,8.91851711273193,78.2567901611328,40.9609451293945,26.9511394500732,15.5546617507935,11.3964776992798,21.8027973175049,21.1963691711426,22.1043109893799,21.1720638275146,1914.87890625,337.830627441406,7.10632276535034,75.5561218261719,923.403686523438,37.3356323242188,742.878295898438,358.097290039062
"156",22.5593338012695,10.6759128570557,77.4336471557617,56.419319152832,29.2785739898682,15.4913988113403,13.7871751785278,22.6658401489258,21.8244705200195,23.2172183990479,21.8244705200195,1607.68383789062,321.512054443359,18.0433197021484,69.1325988769531,616.529113769531,68.5809173583984,440.107421875,68.5809173583984
"157",21.1887722015381,10.6540441513062,76.5940704345703,58.7189788818359,28.0302963256836,14.1205453872681,13.9097509384155,21.2441444396973,20.440881729126,21.9110984802246,20.440881729126,1821.0546875,378.563598632812,20.33034324646,68.9620666503906,710.757995605469,83.3883056640625,486.405151367188,83.3883056640625
"158",23.4930324554443,8.50539493560791,74.3679809570312,50.1368865966797,28.7751045227051,17.3381996154785,11.4369049072266,23.3985118865967,22.9452285766602,23.9800300598145,22.8440322875977,1669.59362792969,294.784851074219,9.94958972930908,72.7750396728516,683.136535644531,49.2573165893555,299.655944824219,218.350784301758
